<?xml version="1.0" encoding="UTF-8"?><rss version="2.0"
	xmlns:content="http://purl.org/rss/1.0/modules/content/"
	xmlns:dc="http://purl.org/dc/elements/1.1/"
	xmlns:atom="http://www.w3.org/2005/Atom"
	xmlns:sy="http://purl.org/rss/1.0/modules/syndication/"
	
	xmlns:georss="http://www.georss.org/georss"
	xmlns:geo="http://www.w3.org/2003/01/geo/wgs84_pos#"
	
	>
<channel>
	<title>
	Bình luận cho LionStore	</title>
	<atom:link href="https://https://github.com/NguyenVannNinh/lionstore.git.io.git/comments/feed/" rel="self" type="application/rss+xml" />
	<link>https://https://github.com/NguyenVannNinh/lionstore.git.io.git</link>
	<description></description>
	<lastBuildDate>Mon, 18 Sep 2023 07:53:03 +0000</lastBuildDate>
	<sy:updatePeriod>
	hourly	</sy:updatePeriod>
	<sy:updateFrequency>
	1	</sy:updateFrequency>
	<generator>https://wordpress.org/?v=6.3.1</generator>
	<item>
		<title>
		Phản hồi cho Laptop ASUS TUF Gaming F15 bởi ninh		</title>
		<link>https://https://github.com/NguyenVannNinh/lionstore.git.io.git/product/laptop-asus-tuf-gaming-f15/#comment-2</link>

		<dc:creator><![CDATA[ninh]]></dc:creator>
		<pubDate>Mon, 18 Sep 2023 07:52:39 +0000</pubDate>
		<guid isPermaLink="false">https://https://github.com/NguyenVannNinh/lionstore.git.io.git/?post_type=product#038;p=25#comment-2</guid>

					<description><![CDATA[Shop bán quá uy tín]]></description>
			<content:encoded><![CDATA[<p>Shop bán quá uy tín</p>
]]></content:encoded>
		
			</item>
		<item>
		<title>
		Phản hồi cho Hello world! bởi A WordPress Commenter		</title>
		<link>https://https://github.com/NguyenVannNinh/lionstore.git.io.git/2023/09/18/hello-world/#comment-1</link>

		<dc:creator><![CDATA[A WordPress Commenter]]></dc:creator>
		<pubDate>Mon, 18 Sep 2023 07:12:40 +0000</pubDate>
		<guid isPermaLink="false">https://https://github.com/NguyenVannNinh/lionstore.git.io.git/?p=1#comment-1</guid>

					<description><![CDATA[Hi, this is a comment.
To get started with moderating, editing, and deleting comments, please visit the Comments screen in the dashboard.
Commenter avatars come from &lt;a href=&quot;https://en.gravatar.com/&quot;&gt;Gravatar&lt;/a&gt;.]]></description>
			<content:encoded><![CDATA[<p>Hi, this is a comment.<br />
To get started with moderating, editing, and deleting comments, please visit the Comments screen in the dashboard.<br />
Commenter avatars come from <a href="https://en.gravatar.com/">Gravatar</a>.</p>
]]></content:encoded>
		
			</item>
	</channel>
</rss>
