<?xml version="1.0" encoding="UTF-8"?><rss version="2.0"
	xmlns:content="http://purl.org/rss/1.0/modules/content/"
	xmlns:wfw="http://wellformedweb.org/CommentAPI/"
	xmlns:dc="http://purl.org/dc/elements/1.1/"
	xmlns:atom="http://www.w3.org/2005/Atom"
	xmlns:sy="http://purl.org/rss/1.0/modules/syndication/"
	xmlns:slash="http://purl.org/rss/1.0/modules/slash/"
	
	xmlns:georss="http://www.georss.org/georss"
	xmlns:geo="http://www.w3.org/2003/01/geo/wgs84_pos#"
	>

<channel>
	<title>iphone &#8211; LionStore</title>
	<atom:link href="https://https://github.com/NguyenVannNinh/lionstore.git.io.git/product-category/iphone/feed/" rel="self" type="application/rss+xml" />
	<link>https://https://github.com/NguyenVannNinh/lionstore.git.io.git</link>
	<description></description>
	<lastBuildDate>Fri, 22 Sep 2023 05:26:49 +0000</lastBuildDate>
	<language>vi</language>
	<sy:updatePeriod>
	hourly	</sy:updatePeriod>
	<sy:updateFrequency>
	1	</sy:updateFrequency>
	<generator>https://wordpress.org/?v=6.3.1</generator>
	<item>
		<title>def</title>
		<link>https://https://github.com/NguyenVannNinh/lionstore.git.io.git/product/con-cac-cua-ban-an/</link>
					<comments>https://https://github.com/NguyenVannNinh/lionstore.git.io.git/product/con-cac-cua-ban-an/#respond</comments>
		
		<dc:creator><![CDATA[ninh]]></dc:creator>
		<pubDate>Mon, 18 Sep 2023 08:07:26 +0000</pubDate>
				<guid isPermaLink="false">https://https://github.com/NguyenVannNinh/lionstore.git.io.git/?post_type=product#038;p=40</guid>

					<description><![CDATA[aaâ]]></description>
										<content:encoded><![CDATA[<p>aaâ</p>
]]></content:encoded>
					
					<wfw:commentRss>https://https://github.com/NguyenVannNinh/lionstore.git.io.git/product/con-cac-cua-ban-an/feed/</wfw:commentRss>
			<slash:comments>0</slash:comments>
		
		
			</item>
		<item>
		<title>abc</title>
		<link>https://https://github.com/NguyenVannNinh/lionstore.git.io.git/product/con-cac-t-ne/</link>
					<comments>https://https://github.com/NguyenVannNinh/lionstore.git.io.git/product/con-cac-t-ne/#respond</comments>
		
		<dc:creator><![CDATA[ninh]]></dc:creator>
		<pubDate>Mon, 18 Sep 2023 08:06:48 +0000</pubDate>
				<guid isPermaLink="false">https://https://github.com/NguyenVannNinh/lionstore.git.io.git/?post_type=product#038;p=39</guid>

					<description><![CDATA[fdầ]]></description>
										<content:encoded><![CDATA[<p>fdầ</p>
]]></content:encoded>
					
					<wfw:commentRss>https://https://github.com/NguyenVannNinh/lionstore.git.io.git/product/con-cac-t-ne/feed/</wfw:commentRss>
			<slash:comments>0</slash:comments>
		
		
			</item>
	</channel>
</rss>
