<?xml version="1.0" encoding="UTF-8"?><rss version="2.0"
	xmlns:content="http://purl.org/rss/1.0/modules/content/"
	xmlns:wfw="http://wellformedweb.org/CommentAPI/"
	xmlns:dc="http://purl.org/dc/elements/1.1/"
	xmlns:atom="http://www.w3.org/2005/Atom"
	xmlns:sy="http://purl.org/rss/1.0/modules/syndication/"
	xmlns:slash="http://purl.org/rss/1.0/modules/slash/"
	
	xmlns:georss="http://www.georss.org/georss"
	xmlns:geo="http://www.w3.org/2003/01/geo/wgs84_pos#"
	>

<channel>
	<title>Lenovo &#8211; LionStore</title>
	<atom:link href="https://https://github.com/NguyenVannNinh/lionstore.git.io.git/product-tag/lenovo/feed/" rel="self" type="application/rss+xml" />
	<link>https://https://github.com/NguyenVannNinh/lionstore.git.io.git</link>
	<description></description>
	<lastBuildDate>Mon, 18 Sep 2023 07:55:09 +0000</lastBuildDate>
	<language>vi</language>
	<sy:updatePeriod>
	hourly	</sy:updatePeriod>
	<sy:updateFrequency>
	1	</sy:updateFrequency>
	<generator>https://wordpress.org/?v=6.3.1</generator>
	<item>
		<title>Lenovo Legion 5 Pro 2023</title>
		<link>https://https://github.com/NguyenVannNinh/lionstore.git.io.git/product/lenovo/</link>
					<comments>https://https://github.com/NguyenVannNinh/lionstore.git.io.git/product/lenovo/#respond</comments>
		
		<dc:creator><![CDATA[ninh]]></dc:creator>
		<pubDate>Mon, 18 Sep 2023 07:23:24 +0000</pubDate>
				<guid isPermaLink="false">https://https://github.com/NguyenVannNinh/lionstore.git.io.git/?post_type=product#038;p=15</guid>

					<description><![CDATA[]]></description>
										<content:encoded><![CDATA[<p><img decoding="async" fetchpriority="high" class="alignnone size-medium wp-image-18" src="https://https://github.com/NguyenVannNinh/lionstore.git.io.git/wp-content/uploads/2023/09/legion_5_pro_2023_1_1684378314_1.png" alt="" width="300" height="216" /> <img decoding="async" class="alignnone size-medium wp-image-19" src="https://https://github.com/NguyenVannNinh/lionstore.git.io.git/wp-content/uploads/2023/09/legion_5_pro_2023_2_1684378313_1.png" alt="" width="300" height="170" /> <img decoding="async" class="alignnone size-medium wp-image-20" src="https://https://github.com/NguyenVannNinh/lionstore.git.io.git/wp-content/uploads/2023/09/legion_5_pro_2023_3_1684378310_1.png" alt="" width="300" height="110" /> <img decoding="async" loading="lazy" class="alignnone size-medium wp-image-21" src="https://https://github.com/NguyenVannNinh/lionstore.git.io.git/wp-content/uploads/2023/09/legion_5_pro_2023_4_1684378311_1.png" alt="" width="300" height="266" /> <img decoding="async" loading="lazy" class="alignnone size-full wp-image-22" src="https://https://github.com/NguyenVannNinh/lionstore.git.io.git/wp-content/uploads/2023/09/lenovo_legion_5_pro_2023_y9000p_cong_ket_noi_1684378313_1.png" alt="" width="400" height="371" /> <img decoding="async" loading="lazy" class="alignnone size-medium wp-image-23" src="https://https://github.com/NguyenVannNinh/lionstore.git.io.git/wp-content/uploads/2023/09/lenovo_legion_5_pro_2023_y9000p_new_logo_1684378312_1.png" alt="" width="300" height="220" /></p>
]]></content:encoded>
					
					<wfw:commentRss>https://https://github.com/NguyenVannNinh/lionstore.git.io.git/product/lenovo/feed/</wfw:commentRss>
			<slash:comments>0</slash:comments>
		
		
			</item>
	</channel>
</rss>
