<?xml version="1.0" encoding="UTF-8"?><rss version="2.0"
	xmlns:content="http://purl.org/rss/1.0/modules/content/"
	xmlns:wfw="http://wellformedweb.org/CommentAPI/"
	xmlns:dc="http://purl.org/dc/elements/1.1/"
	xmlns:atom="http://www.w3.org/2005/Atom"
	xmlns:sy="http://purl.org/rss/1.0/modules/syndication/"
	xmlns:slash="http://purl.org/rss/1.0/modules/slash/"
	
	xmlns:georss="http://www.georss.org/georss"
	xmlns:geo="http://www.w3.org/2003/01/geo/wgs84_pos#"
	>

<channel>
	<title>ASUS Gaming &#8211; LionStore</title>
	<atom:link href="https://https://github.com/NguyenVannNinh/lionstore.git.io.git/product-tag/asus-gaming/feed/" rel="self" type="application/rss+xml" />
	<link>https://https://github.com/NguyenVannNinh/lionstore.git.io.git</link>
	<description></description>
	<lastBuildDate>Mon, 18 Sep 2023 07:53:03 +0000</lastBuildDate>
	<language>vi</language>
	<sy:updatePeriod>
	hourly	</sy:updatePeriod>
	<sy:updateFrequency>
	1	</sy:updateFrequency>
	<generator>https://wordpress.org/?v=6.3.1</generator>
	<item>
		<title>Laptop ASUS TUF Gaming F15</title>
		<link>https://https://github.com/NguyenVannNinh/lionstore.git.io.git/product/laptop-asus-tuf-gaming-f15/</link>
					<comments>https://https://github.com/NguyenVannNinh/lionstore.git.io.git/product/laptop-asus-tuf-gaming-f15/#comments</comments>
		
		<dc:creator><![CDATA[ninh]]></dc:creator>
		<pubDate>Mon, 18 Sep 2023 07:37:40 +0000</pubDate>
				<guid isPermaLink="false">https://https://github.com/NguyenVannNinh/lionstore.git.io.git/?post_type=product#038;p=25</guid>

					<description><![CDATA[<hr />

Loại Card đồ họa:NVIDIA GeForce RTX 3050
<ul class="technical-content">
 	<li class="technical-content-item is-flex is-align-items-center is-justify-content-space-between p-2">Dung lượng RAM: 8GB</li>
 	<li class="technical-content-item is-flex is-align-items-center is-justify-content-space-between p-2">Loại RAM: DDR4-3200</li>
 	<li class="technical-content-item is-flex is-align-items-center is-justify-content-space-between p-2">Số khe ram: 8GB trên khe + 1 khe trống
Nâng cấp tối đa 32GB</li>
 	<li class="technical-content-item is-flex is-align-items-center is-justify-content-space-between p-2">Ổ cứng: 512GB M.2 NVMe™ PCIe® 3.0 SSD
Trống 1 khe SSD M2</li>
 	<li class="technical-content-item is-flex is-align-items-center is-justify-content-space-between p-2">Công nghệ màn hình: Tần số quét 144Hz,Màn hình chống loá,Độ phủ màu 62.5%sRGB, 47.34%Adobe, 45% NTSC
Độ sáng 250nits, Adaptive-Sync</li>
 	<li class="technical-content-item is-flex is-align-items-center is-justify-content-space-between p-2">Kích thước màn hình
<div>15.6 inches</div></li>
 	<li class="technical-content-item is-flex is-align-items-center is-justify-content-space-between p-2">Hệ điều hành
<div>Windows 11 Home SL</div></li>
 	<li class="technical-content-item is-flex is-align-items-center is-justify-content-space-between p-2">Độ phân giải màn hình
<div>1920 x 1080 pixels (FullHD)</div></li>
 	<li class="technical-content-item is-flex is-align-items-center is-justify-content-space-between p-2">Cổng giao tiếp
<div>1 x Cổng LAN RJ45
3 x USB 3.2 Gen 1 Type-A
1 x USB 3.2 Gen 2 Type-C hỗ trợ DisplayPort™
1 x HDMI 2.0b
1 x Combo mic tai nghe 3.5m</div></li>
 	<li class="technical-content-item is-flex is-align-items-center is-justify-content-space-between p-2">Pin
<div>48WHrs, 3S1P, 3-cell Li-ion</div></li>
</ul>
&#160;]]></description>
										<content:encoded><![CDATA[<p><img decoding="async" fetchpriority="high" class="alignnone size-medium wp-image-27" src="https://https://github.com/NguyenVannNinh/lionstore.git.io.git/wp-content/uploads/2023/09/0001_21163_laptop_asus_tuf_gaming_f15_2_.jpg" alt="" width="300" height="300" /> <img decoding="async" class="alignnone size-medium wp-image-28" src="https://https://github.com/NguyenVannNinh/lionstore.git.io.git/wp-content/uploads/2023/09/0002_21163_laptop_asus_tuf_gaming_f15_3_.jpg" alt="" width="300" height="300" /> <img decoding="async" class="alignnone wp-image-29" src="https://https://github.com/NguyenVannNinh/lionstore.git.io.git/wp-content/uploads/2023/09/0004_21163_laptop_asus_tuf_gaming_f15_5_.jpg" alt="" width="300" height="300" /></p>
]]></content:encoded>
					
					<wfw:commentRss>https://https://github.com/NguyenVannNinh/lionstore.git.io.git/product/laptop-asus-tuf-gaming-f15/feed/</wfw:commentRss>
			<slash:comments>1</slash:comments>
		
		
			</item>
	</channel>
</rss>
